{
    "ignoreRequireImports": true,
    "compact": true,
    "controlFlowFlattening": true,
    "controlFlowFlatteningThreshold": 0.5,
    "deadCodeInjection": false,
    "deadCodeInjectionThreshold": 0.01,
    "debugProtection": false,
    "disableConsoleOutput": true,
    "identifierNamesGenerator": "hexadecimal",
    "log": true,
    "numbersToExpressions": false,
    "renameGlobals": false,
    "selfDefending": false,
    "simplify": true,
    "splitStrings": false,
    "splitStringsChunkLength": 5,
    "stringArray": true,
    "stringArrayEncoding": ["base64"],
    "stringArrayIndexShift": true,
    "stringArrayRotate": false,
    "stringArrayShuffle": false,
    "stringArrayWrappersCount": 5,
    "stringArrayWrappersChainedCalls": true,
    "stringArrayWrappersParametersMaxCount": 5,
    "stringArrayWrappersType": "function",
    "stringArrayThreshold": 1,
    "transformObjectKeys": false,
    "unicodeEscapeSequence": false
}
